Country,GDP_in_millions
Afghanistan,19291.104007829897
Angola,88815.69779330301
Albania,15279.1832899372
Andorra,3154.05798723833
Arab World,2817414.58466511
United Arab Emirates,421142.26793765003
Argentina,445445.17745942605
Armenia,13672.802157832399
Antigua and Barbuda,1661.96296296296
Australia,1396567.01473323
Austria,445075.391688156
Azerbaijan,48047.6470588235
Burundi,3012.3348816405696
Belgium,533097.455834509
Benin,14390.7090949386
Burkina Faso,15990.8035699961
Bangladesh,302571.254131135
Bulgaria,68558.8151116199
Bahrain,38574.0691489362
"Bahamas, The",13578.8
Bosnia and Herzegovina,20164.19380688
Belarus,63080.457022659895
Belize,1879.6136
Bermuda,7484.113
Bolivia,40895.3228437851
Brazil,1839758.04076562
Barbados,5209.0
Brunei Darussalam,13469.4229585105
Bhutan,2530.5471575667802
Botswana,18340.480936044398
Central African Republic,2220.30736869593
Canada,1736425.62951996
Central Europe and the Baltics,1668851.9289318898
Switzerland,703082.435158864
Chile,282318.15974465
China,14279937.467431
Cote d'Ivoire,58539.4249297248
Cameroon,39007.3543592798
"Congo, Dem. Rep.",50400.746171423896
"Congo, Rep.",12267.3921465888
Colombia,323615.979418651
Comoros,1165.83992706327
Cabo Verde,1981.8457403582802
Costa Rica,61801.3850490716
Caribbean small states,77721.71491785061
Curacao,3101.78770949721
Cyprus,24948.9354080376
Czech Republic,250680.504529647
Germany,3861123.55803921
Djibouti,3324.63425613324
Dominica,582.403703703704
Denmark,350104.32765867497
Dominican Republic,88941.2997342073
Algeria,171091.289782245
East Asia & Pacific (excluding high income),17151686.0269156
Early-demographic dividend,11989867.0252199
East Asia & Pacific,26924664.688093897
Europe & Central Asia (excluding high income),3248461.68944189
Europe & Central Asia,22792819.6617127
Ecuador,107435.665
"Egypt, Arab Rep.",303092.25512528495
Euro area,13356063.6772605
Spain,1393490.52451764
Estonia,31471.1006562431
Ethiopia,95912.5906281412
European Union,15626448.4764383
Fragile and conflict affected situations,1778456.49241856
Finland,269296.310180392
Fiji,5496.2506943158705
France,2715518.27422745
Gabon,16874.4502151351
United Kingdom,2829108.2191657997
Georgia,17477.2555456705
Ghana,66983.634223943
Guinea,12296.665331192
"Gambia, The",1826.07373982522
Guinea-Bissau,1339.44916548759
Equatorial Guinea,11026.7749453415
Greece,209852.761132839
Grenada,1210.6037037037001
Guatemala,76710.3553470968
Guyana,5173.75952757794
High income,55140634.9946661
"Hong Kong SAR, China",365711.53281690704
Honduras,25095.3954750393
Heavily indebted poor countries (HIPC),783061.756161729
Croatia,60752.5889763175
Haiti,14332.1632663977
Hungary,163469.04286795598
IBRD only,31538957.028550602
IDA & IBRD total,33852003.0850932
IDA total,2320313.6481454903
IDA blend,991547.52006722
Indonesia,1119190.7807528
IDA only,1331970.88952439
India,2868929.41561702
Ireland,388698.711348156
Iraq,234094.042938917
Iceland,24188.038473543802
Israel,394652.210295849
Italy,2003576.1454980401
Jamaica,16458.0710678176
Jordan,44502.8958616837
Japan,5081769.5423797695
Kazakhstan,181665.908556499
Kenya,95503.088538092
Kyrgyz Republic,8454.619607817951
Cambodia,27089.389786979
Kiribati,194.647201946472
St. Kitts and Nevis,1053.24444444444
"Korea, Rep.",1646739.2195098898
Kuwait,134628.54274697
Latin America & Caribbean (excluding high income),5149595.08747017
Lao PDR,18173.8391474011
Lebanon,51991.6344916345
Liberia,3070.5181
Libya,52091.1522283425
St. Lucia,2122.45062962963
Latin America & Caribbean,5733773.58215117
Least developed countries: UN classification,1115238.0425853601
Low income,541511.9269072729
Sri Lanka,84008.78375606799
Lower middle income,6334933.300545639
Low & middle income,32643456.410262603
Lesotho,2376.32863726318
Late-demographic dividend,22920380.253104698
Lithuania,54627.4118604705
Luxembourg,71104.9191081411
Latvia,34102.9135824235
"Macao SAR, China",53859.1165355306
Morocco,119700.325461938
Moldova,11968.7133704969
Madagascar,14114.6312806774
Maldives,5642.17917045898
Middle East & North Africa,3649607.78272821
Mexico,1268870.52716003
Middle income,32087932.7355214
North Macedonia,12547.0404989077
Mali,17279.5667186087
Malta,14989.4156841203
Myanmar,76085.8526171371
Montenegro,5542.57796498146
Mongolia,13996.7193294097
Mozambique,15291.448211603001
Mauritania,7600.656943975059
Mauritius,14048.4305185561
Malawi,7666.704427009149
Malaysia,364681.36753168394
North America,23177135.74252
Namibia,12366.5282591844
Niger,12911.689659351001
Nigeria,448120.428858769
Nicaragua,12520.9152911837
Netherlands,907050.863145097
Norway,403336.363636364
Nepal,30641.380603969897
Nauru,118.22343012444598
New Zealand,206928.765543935
OECD members,53699374.881339796
Oman,76331.5186685771
Other small states,432092.892349402
Pakistan,278221.906022841
Panama,66800.8
Peru,226848.050819525
Philippines,376795.508678853
Palau,268.354919433594
Papua New Guinea,24829.1070110701
Poland,595858.2070115121
Pre-demographic dividend,1403794.37656053
Puerto Rico,104988.6
Portugal,238785.085030988
Paraguay,38145.288939848804
Pacific island small states,10634.784072622298
Post-demographic dividend,50769917.9161815
Qatar,175837.550996185
Romania,250077.444017084
Russian Federation,1699876.57887135
Rwanda,10354.417725155501
South Asia,3591836.57046689
Saudi Arabia,792966.8381616591
Sudan,30513.4560847961
Senegal,23578.084052014703
Singapore,372062.52748863795
Solomon Islands,1589.9136222379902
Sierra Leone,4121.73370529165
El Salvador,27022.64
Serbia,51475.0165321293
Sub-Saharan Africa (excluding high income),1751180.04365443
Sub-Saharan Africa,1766941.4000780901
Small states,520457.174770632
Sao Tome and Principe,418.637388988052
Suriname,3697.3719495843397
Slovak Republic,105079.673009733
Slovenia,54174.2273088862
Sweden,530883.869004977
Eswatini,4471.5987266436005
Seychelles,1703.38738732319
Turks and Caicos Islands,1197.415
Chad,11314.951342780701
East Asia & Pacific (IDA & IBRD countries),17118925.821623098
Europe & Central Asia (IDA & IBRD countries),4155157.37120228
Togo,5490.27241338702
Thailand,543548.969968693
Tajikistan,8116.62679425837
Latin America & the Caribbean (IDA & IBRD countries),5487957.49681437
Timor-Leste,2017.9249
Tonga,512.350059421629
South Asia (IDA & IBRD),3591836.57046689
Sub-Saharan Africa (IDA & IBRD countries),1766941.4000780901
Trinidad and Tobago,24269.7148099078
Tunisia,38796.687568157
Turkey,761425.499358159
Tuvalu,47.2714633298575
Tanzania,63177.068174549
Uganda,35165.1570169125
Ukraine,153781.069118148
Upper middle income,25741843.596304398
Uruguay,56045.912952973194
United States,21433226.0
Uzbekistan,57921.286440349504
St. Vincent and the Grenadines,824.718518518518
Vietnam,261921.244843172
Vanuatu,934.2399738125731
World,87734574.3880727
Samoa,852.250190985485
Kosovo,7926.133713613971
"Yemen, Rep.",22581.081993945
South Africa,351431.64924143895
Zambia,23309.773922758202
Zimbabwe,21440.7588
